{
  "project_info": {
    "project_number": "944742557439",
    "firebase_url": "https://android-2021.firebaseio.com",
    "project_id": "android-2021",
    "storage_bucket": "android-2021.appspot.com"
  },
  "client": [
    {
      "client_info": {
        "mobilesdk_app_id": "1:944742557439:android:f099cf1eaecd70ddab8eca",
        "android_client_info": {
          "package_name": "com.smonterroso.appauthfirebase"
        }
      },
      "oauth_client": [
        {
          "client_id": "944742557439-ktfb5kppsrf5ve4aju36r09j326pttjt.apps.googleusercontent.com",
          "client_type": 1,
          "android_info": {
            "package_name": "com.smonterroso.appauthfirebase",
            "certificate_hash": "13cc357110d5d45918ce3cca58174cdab337e170"
          }
        },
        {
          "client_id": "944742557439-klnb5d6ksrm36kgsuggqk4dkubtfv9kv.apps.googleusercontent.com",
          "client_type": 3
        }
      ],
      "api_key": [
        {
          "current_key": "AIzaSyBgMFVwBCinfczY-rDQIuLS0zyVMiI4Y-I"
        }
      ],
      "services": {
        "appinvite_service": {
          "other_platform_oauth_client": [
            {
              "client_id": "944742557439-klnb5d6ksrm36kgsuggqk4dkubtfv9kv.apps.googleusercontent.com",
              "client_type": 3
            }
          ]
        }
      }
    }
  ],
  "configuration_version": "1"
}